post likes,post date,post caption,comments,time per comment,user per comment,likes per comment,num of comments
228,"Dec 19, 2023","Transform your data science skills with our comprehensive #Python cheat sheet library. ğŸ

ğŸ‘‰ Each cheat sheet is designed to provide value to Python programmers of all levels, whether you're just starting out or already have advanced skills.

Full of practical insights and real-world use cases that will enable you to stay ahead of the curveâ€”keep up to date with the latest news, techniques, and advancements in Python heading into 2024. ğŸ“ˆ

Download any PDF for free and keep the power of Python at your fingertips â¡ï¸ ğŸ”— in bio.","['Hi, I am trying to make the annual subscription using PayPal but am not able.']",['3w'],['sammie_njau'],['0'],1
158,"Nov 14, 2023","Master machine learning and AI in Python with our collection of free cheat sheets. ğŸ‘‡

As the AI revolution gathers pace, having the skills to integrate AI and machine learning into your data science workflows will help you stay competitive in an evolving field.

Save these down as a handy reference guide:

ğŸ’¥ Scikit-Learn Cheat Sheet: Python Machine Learning: https://ow.ly/MqAq50Q7tQ4

ğŸ’¥ Keras Cheat Sheet: Neural Networks in Python:
https://ow.ly/pZQg50Q7tQ3

ğŸ’¥ The OpenAI API in Python: https://ow.ly/hLr650Q7tQ2

ğŸ’¥ Deep Learning with PyTorch Cheat Sheet: https://ow.ly/Lw2S50Q7tQ7",[],[],[],[],0
96,"Nov 21, 2023","ğŸ“ 90,000 scholarships now donated
ğŸŒ across 150 countries
ğŸ“š we've helped 1 MILLION teachers, students, and disadvantaged learners
ğŸ‘©ğŸ½â€ğŸ’» with unlimited data and AI learning for each, for free.

This is the #DCDonates Q3 2023 Digest: A reflection on our mission to democratize data and AI education by providing free access to in-demand skills to those who need it most.

ğŸ‘‰ Swipe through for Q3 highlights. ğŸ‘‰

Looking back at our third biggest quarter for scholarshipsâ€”alongside reaching 1 million learnersâ€”the surging demand for data and AI learning makes us more determined to expand our free program and enhance #DCDonates' impact.

Currently, most partner orgs come from NGOs in Nigeria, Pakistan, Egypt, and the Philippines. For Q4 2023, our goal is to help more disadvantaged learners in the Western Hemisphere while still providing for our current partners.

Learning is one of the most effective long-term strategies to improve lives. If you're a nonprofit looking to empower your community with unlimited data and AI learningâ€”including 450+ courses, career tracks, and certificationsâ€”please apply to partner by 9 AM ET on Thurs, Feb 1, 2024.

Here's to Q4, 2024, and beyond. Discover more, ğŸ”— in bio.

Apply now ğŸ‘‰ https://ow.ly/l1Cg50Q9YLa","['Great work â¤ï¸â¤ï¸â¤ï¸â¤ï¸â¤ï¸', 'â¤ï¸â¤ï¸â¤ï¸']","['7w', '7w']","['credslife_', 'sadie.stlawrence']","['1 like', '1 like']",2
31,"Nov 13, 2023","What can â€œThe Geek Wayâ€ teach us when forming the ideal company culture?

Andrew McAfeeâ€”Principal Research Scientist at @mit the inaugural Visiting Fellow at @googleâ€™s Technology and Society organization, and prolific writerâ€”explores the four cultural norms of The Geek Way, the evolutionary biological traits high-performing organizations show, how data drives high-performance teams, and more.

Key takeaways:

ğŸ’¥ Focus on group dynamics: Create norms and values that align with the organizationâ€™s goals, encouraging collaboration and knowledge sharing among teams.

ğŸ’¥ Lead by example: Embrace data-driven decision-making and encourage others to do the same.

ğŸ’¥ Challenge hierarchical decision-making: Encourage a culture where evidence and examination are valued over hierarchical authority.

ğŸ§ Listen to the full episode, ğŸ”— in bio.",[],[],[],[],0
89,"Dec 7, 2023","Learn #AI (for free) from leaders at world-class organizations. ğŸ‘‡

The quality of responses from GPT or other large language models highly depends on the quality of messages you send.

Tap into Olivier Mertens', AI Tech Lead at Microsoft, vital code-along on performing sentiment analysis with #GPT and #LangChain. Learn about how MRKL prompts are used to help LLMs reason and build a simple AI agent.

Get this for free in our new AI Developer Code-Along series.

All sessions are free for a limited time. Start now ğŸ‘‰ ğŸ”—.

#ArtificialIntelligence #ChatGPT",[],[],[],[],0
168,"Dec 5, 2023","One of the best ways to land a job in data science is to build a portfolio with data science projects that effectively show your technical skills.

With the boom of #ChatGPT, showing the recruiter that you can solve NLP problems is vital for up-and-coming practitioners. ğŸš€

Explore seven examples of NLP projects for all levels, from the aspiring data scientist to the experienced professional.

ğŸ‘‰ Swipe for a selection of DataCamp's NLP projects. ğŸ‘‰

Discover more ğŸ‘‰ğŸ”— in bio.",[],[],[],[],0
79,"Dec 7, 2023","Brand new skill track: Equip yourself with the knowledge and tools necessary to make an immediate impact in the fast-paced world of Artificial Intelligence (AI). ğŸš€

Designed for professionals who want to harness AI to stay ahead of the competition, work through seven interactive courses (no prior experience required) on AI strategy to ensure you'll be at the forefront of the AI revolution heading into 2024.

ğŸ‘‰ Swipe for the individual courses. ğŸ‘‰

Start now for free, ğŸ”— in bio.",['Awesome ğŸ‘ğŸ»'],['5w'],['mahmoud_arafa90'],['0'],1
84,"Nov 30, 2023","How the world can change in one year: #ChatGPT is one year old today. ğŸ‚

Dive into our collection of resources to ensure you're maximizing the AI revolution. Alongside, our brand new code-along series connects aspiring and seasoned developers alike with industry experts to master four vital packages: #OpenAI API, #HuggingFace, #Pinecone, & #LangChain.

In the spirit of ""Open AI"", it's completely free.

1ï¸âƒ£ Cheat Sheet: ChatGPT for Data Science: https://ow.ly/QTAu50Qe5xi

2ï¸âƒ£ Tutorial: A Guide to Using ChatGPT For Data Science Projects: https://ow.ly/futc50Qe5xh

3ï¸âƒ£ Code-Along Series: Become an AI Developer: https://ow.ly/JHHw50Qe5xj

#GenerativeAI #ArtificialIntelligence",[],[],[],[],0
28,"Nov 23, 2023","Large language models (LLMs) can be incredibly transformative for surfacing company data and insights. However, the path to enriching a company's knowledge base with LLMs still needs to be explored.

@Deloitte's Gert De Geyter, Machine Learning Lead, and Somayeh Koohbor, Senior Data Scientist, break down the interaction between LLMs and Knowledge Graphs (KGs). They demonstrate how LLMs can transform unstructured text into a well-formed KG by extracting entities and relationships from a dataset, how companies can leverage them, and more.

Key takeaways:

ğŸ’¥ How LLMs can unlock the potential of building organizational KGs.
ğŸ’¥ Why KGs can further guide LLMs' reasoning capabilities.
ğŸ’¥ Using pre-trained models for translating natural language queries to SPARQL queries on top of company KGs

â° Thurs Nov 30, ğŸ”— in bio to register.",[],[],[],[],0
32,"Nov 27, 2023","How can data and AI help us accelerate sustainable solutions and act as a force for good? ğŸ’š

@margahoek'sâ€”sustainable business visionary, author, and three-time CEOâ€”explores the fourth industrial revolution and the eight technologies that combine to build it, how technology can be the biggest lever to combating climate change, use cases of tech for good initiatives, and more.

Key takeaways:

ğŸ’¥ AI extends beyond replicating human intelligence; it's crucial in enhancing technologies like self-driving cars, systems to prevent overfishing, monitoring plant life, and more.

ğŸ’¥ Get ready for labor transition: The World Economic Forum predicts that AI and emerging technologies will disrupt 25% of jobs.

ğŸ’¥ Collaboration among stakeholders is essential for trust in tech for good initiatives. Business leaders must commit to using technology ethically.

Listen to (or watch) the full episode ğŸ‘‰ https://ow.ly/UCwb50QbHoW",['Great to be on the show'],['6w'],['margahoek'],['0'],1
258,"Dec 11, 2023","The top 10 data science tools you can use in 2024. ğŸ‘‡

The landscape of data science is growing rapidly, and many tools are available to help data scientists with their work. Explore how these tools can assist you in ingesting, cleaning, processing, analyzing, visualizing, and modeling data.

Read on to uncover:

ğŸ’¥ The role of data science tools
ğŸ’¥ Criteria for selecting data science tools
ğŸ’¥ Comprehensive review of top data science tools for 2024
ğŸ’¥ Hands-on projects and resources

Dive in ğŸ‘‰ ğŸ”— in bio.","['I throw in Langchain and Llamaindex and Neo4j', 'As a millionaire who is living his best live.I was also suffering at a time and knows how hard it is to pay bills. Iâ€™ll be giving grands each to assist the first 10 lucky people to hit me up with â€œGOD DIDâ€ love yâ€™all']","['4w', '4w']","['jomorante', 'javiercryptonary_010']","['0', '0']",2
91,"Dec 16, 2023","Explore the pivotal year for #ChatGPT and #GenerativeAI with our review of 2023's top 17 AI milestones. ğŸ‘‡

It's been just over a year since the release of ChatGPT. Since then, the pace of progress in AI has been unparalleledâ€”from DALLE-3's image generation and advanced data analysis to GPT-4 Turbo, and more.

Uncover the key moments from a year we'll never forget.

Dive in ğŸ‘‰ ğŸ”— in bio.","['I love datacamp, and I also tried it several times. Your content is always found to be insightful. I am just thinking about a magazine or anything else which can provide a comprehensive overview of what we find in 2023 or all past years and where the world will go in the future especially what will be trends in 2024.']",['4w'],['insightswisdomer'],['2 likes'],1
231,"Dec 20, 2023","Heading into 2024, 97% of business owners anticipate #ChatGPT will bring positive transformations to their organization, and 60% of workers are predicted to use AI to perform tasks. ğŸ“ˆ

If you're an aspiring data professional, AI enthusiast, or looking to improve your productivityâ€”now is the time to build AI skills.

Uncover everything you need in an AI-driven era, including:

ğŸ’¥ What is AI?
ğŸ’¥ Why learn AI right now?
ğŸ’¥ How long does it take to learn?
ğŸ’¥ How to learn AI from scratch
ğŸ’¥ An example AI learning plan
ğŸ’¥ Top 5 tips for learning AI
ğŸ’¥ The different careers in AI
ğŸ’¥ How to find a job in AI
ğŸ’¥ Mastering AI for business

Discover more ğŸ‘‰ğŸ”— in bio.",[],[],[],[],0
73,"Dec 21, 2023","How will business and L&D leaders approach the data and AI skills revolution in 2024? ğŸ“ˆ ğŸ‘‡

Although generative AI has permeated the mainstream in 2023, its adoption in general business practice is still lacking. The race of AI adoptionâ€”both technologies and skillsâ€”remains agenda-toping for most organizations looking to gain a competitive edge heading into 2024.

ğŸ—£ As Jason Feifer, Editor in Chief of @entrepreneur and DataFramed guest, indicates: â€œThe most exciting generative AI use-cases are use-cases that save them time, enabling people to liberate their time and focus on tasks that can help create long-term value.â€

Download our free report on the data and AI trends that will shape 2024, focussing on how businesses and individuals can keep pace with the AI revolution and succeed in a new era.

Download now ğŸ‘‰ ğŸ”— in bio.",['I canâ€™t see any button to download the white paper . On the other hand I couldnâ€™t find any white paper on your website? What should I do ?'],['3w'],['mymindisamessss'],['0'],1
166,"Nov 28, 2023","Calling all #Python learnersâ€”our top 5 guided Python projects to boost your confidence and portfolio before 2024. ğŸğŸ‘‡

Go from learning to doing, faster. From historical events to international sports and TV network analysis, uncover five real-world projects to apply your skills and complete data analysis from start to finishâ€”all in a risk-free environment.

Including:

1ï¸âƒ£ Dr. Semmelweis and the discovery of handwashing: https://ow.ly/O6pP50Pi1qL

2ï¸âƒ£ Exploring the Bitcoin cryptocurrency market: https://ow.ly/r80350Pi1vK

3ï¸âƒ£ A network analysis of Game of Thrones: https://ow.ly/AuxQ50Pi1A0

4ï¸âƒ£ Hypothesis testing with men's and women's soccer matches: https://ow.ly/LAHX50Qc9F3

5ï¸âƒ£ Investigating Netflix Movies: https://ow.ly/b9ke50Pi1Nx

Looking for something else? Our collection of 100+ projects is waiting for you ğŸ‘‰ğŸ”— in bio.",[],[],[],[],0
42,"Nov 22, 2023","While data and AI practitioners often focus on the technical aspect of their job, good design is essential if you want users to adopt your data or AI product.

@joannapenabickley, Chief Design Officer for the Design Corp at Designed By, breaks down design fundamentals, how good design can help your data product, and how data and design teams can work together.

Key takeaways:

ğŸ’¥ Understand what every data professional should know about design.
ğŸ’¥ Best practices for designing data and AI products.
ğŸ’¥ How data professionals can work with designers to create great products.

â° Weds Nov 29, ğŸ”— in bio to join.",[],[],[],[],0
129,"Dec 7, 2023","With an estimated 750 million to 1.2 billion users, @microsoft Excel is the tool of choice for reporting for professionals around the world.

As experience with #Excel is often a baseline expectation in a professional environment, demonstrating proficiency in Excel is vital to landing the job you've been aspiring for.

Dive into beginner, intermediate, and advanced interview questions about Excel to help you pass the technical challenge with flying colors.

Go into your next interview with confidence. Start now ğŸ‘‰ ğŸ”— in bio.",[],[],[],[],0
73,"Nov 24, 2023","The #OpenAI API lets you build AI systems with the most advanced AI systems in the world today such as GPT-4, ChatGPT, and DALLE-3â€”enabling organizations to leverage AI tools tailored to their specific business needs.

Aimed at aspiring data scientists and machine learning practitioners, discover the world of OpenAI and its API. From setting up your OpenAI account to harnessing the API for customized responses, uncover everything you need to know to get started.

Including:

ğŸ’¥ An overview of OpenAI and its API
ğŸ’¥ OpenAI API features
ğŸ’¥ Industry Use-cases of OpenAI API
ğŸ’¥ Hands-on: getting started with OpenAI API
ğŸ’¥ Best practices when using OpenAI API

Discover more, ğŸ”— in bio.",[],[],[],[],0
51,"Nov 24, 2023","ğŸ’¥ #BlackFriday: 50% off unlimited learning.ğŸ’¥

Learn the world's most in-demand data and AI skills to set yourself up for success in 2024.

Whether you want to enhance your skills with generative AI, develop your Business Intelligence abilities to fast-track your next promotion, become a master coder, or a machine learning leaderâ€”our 450+ course curriculum will equip you with the skills you need to thrive in the age of data and AI.

Activate offer and unlock:

ğŸ“š Courses for all levels in ChatGPT and Generative AI, Python, R, SQL, Power BI, and more.

ğŸ›  100+ hands-on data science and AI portfolio-building projects, 20+ skill and career tracks, and more.

ğŸ“ Build an unmissable CV with Forbes' #1 ranked data certification program.

Limited time offer. ğŸ”— in bio.","['Estoy teniendo problemas para suscribirme a la oferta', 'ğŸ‘ğŸ‘ğŸ‘', 'EstÃ¡ en espaÃ±ol?']","['7w', '7w', '7w']","['edson19_gutierrez', 'credslife_', 'camilorv02']","['1 like', '1 like', '1 like']",3
91,"Dec 6, 2023","ğŸ“ Brand new Certification: Demonstrate your SQL skills are ready for professional use with our SQL Associate Certification.

Designed in partnership with industry experts with experience in hiring SQL professionals across industries, the SQL Associate Certification is for anyone working in a job involving SQL.

ğŸ›  What skills does a SQL Associate need?

You should be proficient in writing basic SQL queries for data retrieval, understand how to structure and join tables, and grasp critical concepts like primary and foreign keys.

Across a series of timed exams and one practical assessment, you'll need to:

ğŸ’¥ Calculate metrics to effectively report using PostgreSQL.
ğŸ’¥ Assess data quality and perform validation tasks.
ğŸ’¥ Perform data extraction, joining, and aggregation tasks.

Verify your skills to work with data in a data-driven world.

Discover more ğŸ‘‰ğŸ”— in bio.","['Wonderful', 'ğŸ™ŒğŸ™ŒğŸ™Œ']","['5w', '5w']","['mahmoud_arafa90', 'endlesslearner_']","['0', '0']",2
125,"Nov 22, 2023","An introduction to DALL-E 3: Can we all become creative media powerhouses? ğŸ‘‡

OpenAI's recent release, DALL-E 3, is said to improve on the limitations of its predecessors, DALL-E and DALL-E 2â€”alongside generating media more accurate to the prompt than Midjourney. ğŸ‘€

Explore everything you need to know about DALL-E 3, including:

ğŸ’¥ What is DALL-E 3?
ğŸ’¥ DALL-E 3 features and capabilities
ğŸ’¥ Accessibility and release
ğŸ’¥ Getting started with DALL-E 3
ğŸ’¥ Using DALL-E 3 for image generation
ğŸ’¥ Advanced techniques
ğŸ’¥ Practical applications and use cases
ğŸ’¥ Ethical considerations and safety measures

Discover more ğŸ‘‰ ğŸ”— in bio.",[],[],[],[],0
253,"Nov 23, 2023","60+ #ChatGPT prompts to enhance your data science tasks. ğŸš€

ChatGPT is a transformative tool for workflows. But are you utilizing it to the best of your abilities?

Explore our free 72-page #ChatGPT cheat sheet for data science, covering:

ğŸ‘‰ Prompts for data analysis workflows
ğŸ‘‰ Prompts for data visualization workflows
ğŸ‘‰ Prompts for machine learning workflows
ğŸ‘‰ Prompts for time series analysis workflows
ğŸ‘‰ Prompts for NLP workflows
ğŸ‘‰ Conceptual and career-oriented prompts

Download in full, ğŸ”— in bio.",['Amazing! ğŸ‘ğŸ‘ğŸ‘'],['7w'],['credslife_'],['1 like'],1
57,"Nov 16, 2023","Brand new project: Deploy your AI programming skills with #OpenAI's API. ğŸ‡«ğŸ‡·

As a developer at a leading tech company, your assignment is to construct a comprehensive AI-powered Parisian travel guide.

From start to finish, utilize OpenAI's language processing capabilities to answer pre-defined travel-related queries intelligently, offering customized recommendations for exploring Paris.

Learn by doing. Start now ğŸ‘‰ ğŸ”— in bio.",['Paris is always a great idea! â¤ï¸â¤ï¸â¤ï¸'],['8w'],['credslife_'],['0'],1
37,"Dec 8, 2023","Fine-tuning models lets you customize them for new tasks.

By fine-tuning GPT3.5, you can improve the accuracy of its response, use it to find a particular tone of voice, talk about niche topics, and more.

In the first of this two-part series, Zoumana Keita, Senior Data Scientist at @ifc_org and Co-founder at #ETP4Africa, explains how to use the OpenAI API and Python to get started fine-tuning GPT3.5.

Key takeaways:

ğŸ’¥ Learn when fine-tuning large language models can be beneficial.
ğŸ’¥ How to use the fine-tuning tools in the OpenAI API.
ğŸ’¥ Understand the workflow for fine-tuning.

â° Fri Dec 15, ğŸ”— in bio.",[],[],[],[],0
88,"Dec 4, 2023","Learn for free from AI leaders at @microsoft, #Pinecone, @huggingface_ai, and @fidelity, in our AI Developer Code-Along series.

Across 1-2 hour sessions, master skills and packages that will enhance your CV and broaden your developer career, including #OpenAI API, #HuggingFace, #Pinecone, and #LangChain.

ğŸ‘‰ Swipe for the series breakdown. ğŸ‘‰

Free only for a limited time. âš¡ï¸ ğŸ”— in bio.",['Ai Leaders! Yeah!! ğŸ”¥ğŸ”¥ğŸ”¥ğŸ”¥ğŸ”¥'],['5w'],['credslife_'],['0'],1
217,"Dec 5, 2023","Referred to as the ""gateway drug"" of data science, data visualization is an invaluable skill as it plays a crucial role in effective communication and storytelling with data. ğŸ“Š

In this data visualization cheat sheet, learn about the most popular data visualizations to employ, when to use them, and their common use cases.

Download now for free ğŸ‘‰ ğŸ”— in bio.",[],[],[],[],0
65,"Nov 28, 2023","Shell terminals, like Bash and zsh, are text-based user interfaces for interacting with an operating system.

Sometimes called ""the universal glue of programming,"" they allow you to input commands through a command lineâ€”offering direct communication with the system for tasks like file manipulation, program execution, and system control.

In our free cheat sheet, easily master the Bash and zsh terminal basics and unlock handy shortcuts to speed up your workflow when working with shell terminals. ğŸš€

Download now ğŸ‘‰ğŸ”— in bio.",['LinuxğŸ”¥ğŸ”¥ğŸ”¥ğŸ‘ğŸ‘ğŸ‘'],['6w'],['coding2c'],['0'],1
94,"Dec 9, 2023","Seven tips to help you maximize your Year In Data and accelerate your learning into 2024. ğŸ‘‡

Have you seen your Year in Data? ğŸ“The brainchild of our product team, Year in Data is a chance to set new goals, explore courses, discover workspaces, and unlock insights from your learning data you did not know before.

ğŸ‘‰ A glimpse of what your year could look like. ğŸ‘‰

#MyYearInData23 | Discover more, ğŸ”— in bio.",['I had no idea DataCamp tracks that. Iâ€™m gonna be top 5%. Saving this post'],['5w'],['delvecchiooo'],['1 like'],1
190,"Dec 14, 2023","This year was a watershed moment for AI.

Heading into 2024, equipping yourselves with AI skills and certifications has never been more advantageous for a career in tech.

Explore the best AI certifications for 2024â€”with a focus on career paths and how to choose the right program for you.

Read on to uncover:

ğŸ’¥ AI certification vs certificate
ğŸ’¥ Why choose AI certification?
ğŸ’¥ Exploring the best AI certifications for 2024
ğŸ’¥ Step-by-step guide to choosing the right AI certification
ğŸ’¥Preparing for AI certification with DataCamp

Discover more ğŸ‘‰ ğŸ”— in bio.",[],[],[],[],0
137,"Dec 12, 2023","Our ultimate #SQL cheat sheet collection, all in one place. ğŸ‘‡

With resources designed for beginners to advanced practitioners, stay updated with the latest techniques and strategies to maximize your time on SQL.

From basic functions to joining data, window functions, and moreâ€”our free cheat sheets are packed with practical guides to accelerate your abilities.

Download now ğŸ‘‰ https://ow.ly/pqef50PkxjP",[],[],[],[],0
216,"Dec 22, 2023","As we close out 2023, we're delighted to share that over 1,059,000 people worldwide have received free DataCamp Premium scholarships. ğŸ‰

Split across our two social impact programs, #DCClassrooms and #DCDonates, the scholarships provide unrestricted access to everything DataCamp Premium has to offer.

The mission is simple: enable free, world-class data and AI learning to those who need it most. Be it under-resourced or displaced communities, teachers, students, not-for-profit workers, and many more.

ğŸ‘‰ Swipe for one such story from Fereshteh Forough, Founder and Executive Director, @CodeToInspire

Our new goal? Get to the next million people as quickly as possible. ğŸš€ Until then, have a safe and fun holiday season with your friends and family, and take care of one another as we arrive in 2024!

Discover more ğŸ‘‰ ğŸ”— in bio.","['I applied for the scholarship but i didnt receive any response', 'We are so excited for this opportunity ğŸ¦‹', 'ğŸ‘', 'ğŸ‘ğŸ‘ğŸ‘ğŸ‘', 'Iâ€™m so proud of you @fereshtehforough ğŸ”¥ğŸ™Œ']","['3w', '3w', '3w', '3w', '3w']","['ahme.dleader', 'codetoinspire', 'omiguelsma', 'digitalbricks.ai', 'ehsanehrari']","['1 like', '2 likes', '1 like', '1 like', '2 likes']",5
176,"Dec 10, 2023","#Python is the world's most popular programming language, making it one of the most employable skills in data science.

So, what's the best way to learn Python from scratch?

Discover everything you need to know to begin your learning journey, including a step-by-step guide and learning plan, alongside valuable resources to help you succeed.

Including:

ğŸ’¥ What is Python?
ğŸ’¥ Why is learning Python so beneficial?
ğŸ’¥ How long does it take to learn Python?
ğŸ’¥ How to learn Python: 6 steps for success
ğŸ’¥ An example Python learning plan
ğŸ’¥ The top Python careers
ğŸ’¥ How to find a job with Python

And more. Read on: ğŸ‘‰ ğŸ”— in bio.",['Really I hope to start learning python but Iâ€™m leazy ğŸ˜‚'],['5w'],['mahmoud_arafa90'],['1 like'],1
47,"Dec 19, 2023","Missed out on Black Friday? Do not despairâ€”our End of Year Sale is live. ğŸ’¥

The data and AI technology revolution will define how businesses operate in 2024. Ensure you have the skills to succeed by securing 50% off unlimited data and AI learning for 12 months.

Including:

ğŸ“š 450+ courses in ChatGPT, Python, SQL, Power BI and more
ğŸ’¼ 20+ skills and career tracks you can start from scratch
ğŸ‘©ğŸ½â€ğŸ’» 100+ real-life projects
ğŸ“ Forbes' #1 data certification

Your skills, your future. Save now ğŸ‘‰ ğŸ”— in bio.",[],[],[],[],0
35,"Nov 30, 2023","Introducing: Year In Data 2023, a celebration of your data journey. ğŸš€

Our mission is to empower data enthusiasts, learners, and professionals with the skills to thrive in a data and AI-driven future. #YearInData23 is a chance to reflect on your achievements in 2023, inspire your fellow learning community, and get motivated to reach higher goals in 2024.

ğŸ“ˆ How does it work? From Dec 1, all DataCamp learners can access a visual representation of their entire 2023 data journey. Your unique insights will cover everything from XP earned and hours spent learning to key achievements such as certifications, courses completed, Workspaces built, and more.

Take advantage of an opportunity to share how far you've come, and what you could achieve next. ğŸ‘Š

Discover more ğŸ‘‰ğŸ”— in bio.",[],[],[],[],0
117,"Nov 21, 2023","Supercharge your Excel skills overnight with our Excel Shortcuts Cheat Sheet.

Productivity gains await.âš¡From navigating worksheets to cell entry, text formatting, and moreâ€”master the ability never to leave your keyboard and maximize your time on the world's most popular spreadsheet software.

Download now for free ğŸ‘‰ ğŸ”— in bio.",[],[],[],[],0
39,"Dec 15, 2023","Set new goals, explore courses, discover workspaces, and unlock insights that showcase your learning journey in a new light. ğŸ’¡

The number of #MyYearInData23 responses has blown us away. If you haven't already, dive into your Year In Data 2023 journey and discover how to make the most of your data achievements. Including:

ğŸ“Š Your personalized experience, how many hours of learning, the XP you've earned, and the distribution.

ğŸš€ Set 2024 goalsâ€”define clear objectives to fuel your path of continuous learning and reach your ambitions.

ğŸ§‘ğŸ½â€ğŸ’» Uncover datasets and templates on Workspace with one click.

â¤ï¸ Share your success. One of the most rewarding aspects of your Year In Data is the opportunity to inspire others. Tag DataCamp with #MyYearInData23.

Discover more ğŸ‘‰ğŸ”— in bio.",[],[],[],[],0
366,"Nov 17, 2023","SQL is a crucial skill for any data practitioner. To extract the necessary data from a database for further manipulation and data analysis, you must have a good grasp of SQL.

In your journey towards SQL mastery, building SQL projects can help accelerate your current skills, develop new ones, and add valuable content to your data portfolio.

From new learners to seasoned practitioners, uncover portfolio-ready SQL projects available on DataCamp.

Dive in ğŸ‘‰ ğŸ”— in bio.",['Yes!ğŸ”¥'],['8w'],['alanarodriguezv'],['0'],1
131,"Nov 26, 2023","Essential reading: Whether you're a job hunter looking for a new opportunity to apply your SQL skills or a hiring manager preparing to interrogate a candidateâ€”knowing common SQL interview questions and answers is vital.

Dive into 80 fundamental SQL questions and answers for beginners and intermediate practitioners to enable stronger interview preparation, alongside what to expect from your interviewer/interviewee.

Including:

ğŸ’¥ General SQL interview questions for beginners
ğŸ’¥ Technical SQL interview questions for beginners
ğŸ’¥ 40 top intermediate SQL interview questions and answers

And more. Read on ğŸ‘‰ ğŸ”— in bio.",[],[],[],[],0
34,"Dec 6, 2023","â° #CyberMonday: Final 48 Hours â°

Act now to save 50% on unlimited learning throughout 2024.

Data and AI will define the future of work; ensure you have the skills to thrive for years to come.

ğŸ“š 450+ courses across ChatGPT, Python, SQL, Power BI and more
ğŸ’¼ 20+ skills and career tracks you can start from scratch
ğŸ“ Forbes' #1 data certification

And much more. Claim now ğŸ‘‰ğŸ”— IN BIO.",[],[],[],[],0
107,"Dec 21, 2023","Learn the fundamentals of working with large language models and build a data-analyzing bot. ğŸ¤–

Master vital AI skills in 1-2 hour code-alongs. ğŸš€ While #ChatGPT is wildly popular for non-technical use cases, GPT (the AI that powers ChatGPT) offers vast potential in programming and automation tasks via the #OpenAI API.

Explore how to set up an OpenAI developer account, integrate it with Workspace, hold a conversation with GPT using Python and LangChain, and develop a proof of concept for an automated data analysis system. ğŸ“ˆ

Free for a limited time. Start now ğŸ‘‰ https://ow.ly/ztnn50QkAxE

Explore all free sessions on @huggingface_ai, @LangChainAI, and #Pinecone in our AI Developer Series.

ğŸ”— in bio.",[],[],[],[],0
62,"Dec 4, 2023","The demand for certified @_snowflake_inc professionals is rising, with organizations seeking professionals who can harness the full potential of this cloud data platform.

Whether you are taking your first steps into Snowflake or are an experienced practitioner seeking to formalize your skills, certifications can accelerate your professional trajectory without breaking the bank.

Explores the top Snowflake certifications for professional growth in 2024, including:

ğŸ’¥ Certificates vs. certifications: Whatâ€™s the difference?
ğŸ’¥ An overview of Snowflake certifications
ğŸ’¥ The best foundational level snowflake certification
ğŸ’¥ The best advanced-level snowflake certifications
ğŸ’¥ Snowflake certification comparison table
ğŸ’¥ How DataCamp can help you achieve Snowflake certification

Discover more ğŸ‘‰ğŸ”— in bio.",[],[],[],[],0
32,"Nov 16, 2023","Gain a comprehensive overview of the challenges and best practices associated with deploying Large Language Models into production environmentsâ€”with a particular focus on leveraging GPU resources efficiently.

Ronen Dar, Co-founder and CTO at Run:ai, explores optimizing AI model training to reduce costs, facilitating the adoption of AI technologies across diverse business scales.

Key takeaways:

ğŸ’¥ Discover how to get AI into production successfully.
ğŸ’¥ Learn to train models cheaply and efficiently.
ğŸ’¥ Explore GPUs and learn how to use them effectively.

â° Thurs, Nov 23, ğŸ”— in bio to register.",['Itâ€™s all about putting things into production! Love this! â¤ï¸â¤ï¸â¤ï¸'],['8w'],['credslife_'],['0'],1
29,"Dec 7, 2023","Running an organization-wide data literacy training program is a challenge. You need to match roles to the skills employees need to learn, market your training, and find ways to maintain engagement.

Ed Barker, L&D Lead at GM Defense, discusses the challenges and successes of the program, along with practical tips for how to scale training at your organization and the transformative benefits of having data literate employees across your organization.

Key takeaways:

ğŸ’¥ Learn how to run an effective data training program.
ğŸ’¥ Maintain engagement with online learning.
ğŸ’¥ Why widespread data literacy will benefit your organization.

â° Weds, Dec 13, ğŸ”— in bio to register.",[],[],[],[],0
45,"Nov 25, 2023","ğŸ¤‘ #BlackFriday extension: Final chance to save 50% on unlimited learning.

Unlock 450+ courses, projects, and certifications across the world's most in-demand data and AI skills.

Your future self will thank you. Save now, ğŸ”— in bio.",['Itâ€™s the same price as two weeks ago.'],['6w'],['sl8onc'],['0'],1
28,"Dec 1, 2023","Building a high-functioning product team is only possible with a strong data culture. ğŸ“ˆ

@stefaniabje, Co-founder & CEO at @avohq, explores building a culture where getting valuable insights is effective for everyone involved and much more.

Key takeaways:

ğŸ’¥ Your data is a product with stakeholders.
ğŸ’¥ Include your stakeholders early in the process.
ğŸ’¥ Make analytics a part of the product release cycle.

â° Fri Dec 8, ğŸ”— in bio to register.",[],[],[],[],0
71,"Dec 13, 2023","Everything you need to know about getting started with GPT-4 Vision.ğŸ‘‡

In September 2023, OpenAI announced this multi-modal capability to #ChatGPT, which can now see, hear, and speak, indicating new image and voice capabilities rolled out to ChatGPT.

When perfected, it's predicted to unlock endless innovations across industries. ğŸš€

In this tutorial, we will introduce the image capabilities and understand the GPT-4 Vision model, which enables the ChatGPT to ""see.""

Including:

ğŸ’¥ What is GPT-4 Vision?
ğŸ’¥ Hands-on: getting started with GPT-4 Vision
ğŸ’¥ GPT-4 Vision real-world use-cases and examples
ğŸ’¥ Limitations and mitigating risks of GPT-4 Vision

Start now ğŸ‘‰ğŸ”— in bio.",[],[],[],[],0
37,"Nov 27, 2023","âš¡ï¸ #CyberMonday is live: Unlock everything DataCamp has to offer at half the price. ğŸ¤¯

ğŸ‘©ğŸ½â€ğŸ’» Master the world's most in-demand data and AI skills with interactive learning paths for all levels.

As AI's influence grows in our data-driven world, having the skills to leverage evolving technologies and make informed, data-driven decisions will only become more vital in 2024.

ğŸ“š Choose from 450+ courses, 20+ skill and career tracks, 100+ real-world projects, a new AI curriculum, industry-leading certifications, and more.

Join the upskilling revolution and take control of your professional future.

Save now, ğŸ”— in bio.",['Trying to subscribe and make payment but system failing. Kindly assist as per DM shared.'],['6w'],['liyandza'],['0'],1
100,"Dec 3, 2023","Dive into the world of Open Source Large Language Models (LLMs) with five new tutorials.

From fine-tuning LlaMa 2 and FLAN-T5 to exploring the capabilities of Falcon 40B and Vicuna-13B, these guides are designed to enhance your AI skills.

Open-source models are predicted to become increasingly favored by enterprises in the coming year. Upskilling in key LLMs like LlaMa 2, FLAN-T5, Falcon 40B, Vicuna-13B, and Mistral 7B will equip data practitioners with a competitive edge in the job market in 2024 and beyond.

Build in-demand skills with a free tutorial:

1ï¸âƒ£ FLAN-T5: A Guide to Fine-Tuning: https://ow.ly/fZCe50QeGV4
2ï¸âƒ£ Falcon 40B: Architecture, Training Data & Features: https://ow.ly/fbiK50QeGV5
3ï¸âƒ£ Vicuna-13B: A Guide to running Vicuna-13B: https://ow.ly/gY2e50QeGV6
4ï¸âƒ£ Fine-Tuning LlaMa 2: A Guide to Customizing the LLM: https://ow.ly/OgSQ50QeGV2
5ï¸âƒ£ Mistral 7B: https://ow.ly/qoE550QeGV3",['Open source for the win!! ğŸ‘ğŸ‘ğŸ‘'],['5w'],['credslife_'],['0'],1
144,"Nov 27, 2023","The generative AI revolution has been spurred by Large Language Models (LLMs), which use powerful neural architectures to process human language.

ChatGPT and Bard, like other popular chatbots, are built on proprietary LLMs, meaning that a company owns them, and customers can only use them after purchasing a license.

In contrast, the open-source LLM movement is surging, offering a transparent and accessible alternative to proprietary models. These open-source options are reshaping the landscape of generative AI.

Explore the top open-source LLMs currently available, including:

ğŸ’¥ Benefits of using open-source LLMs
ğŸ’¥ 8 top open-source large language models for 2024
ğŸ’¥ Choosing the right open-source LLM for your needs

Discover more ğŸ‘‰ğŸ”— in bio.","['niceeee', 'ğŸ”¥ğŸ”¥ğŸ”¥ğŸ‘ğŸ‘ğŸ‘']","['6w', '6w']","['vitoandreanto', 'coding2c']","['0', '0']",2
38,"Nov 15, 2023","Effectively using a technology requires a deep understanding of its industry-specific use cases. Context is everything, and AI and robotics go together like a lock and key.

Francesco Gadaleta, Founder & Chief Engineer at Amethix Technologies, explores common uses of AI in the robotics field, best practices for making use of AI in robotics, and what skills you need to make use of AI for robotics.

Key takeaways:

ğŸ’¥ How AI is leveraged in the field of robotics.
ğŸ’¥ The challenges of using AI in roboticsâ€”and how to overcome them.
ğŸ’¥ Careers for AI in robotics and the skills you need to get a job.

â° Weds Nov 22, ğŸ”— in bio to register.",['ğŸ‘ğŸ‘ğŸ‘ LOVE this!'],['8w'],['credslife_'],['0'],1
50,"Nov 17, 2023","Discover how chatbots can perfect your designs and deliver exceptional user experiences. ğŸ‘‡

Explore leveraging AI chatbots to enhance your design process. Learn how to optimize designs, streamline business processes, and improve user engagement.

Including:

ğŸ’¥ The role of chatbots in business processes
ğŸ’¥ AI chatbot examples
ğŸ’¥ 11 tips for using chatbots to test designs

Start now ğŸ‘‰ ğŸ”— in bio.",[],[],[],[],0
20,"Nov 21, 2023","Large language models (LLMs) can be transformational when embedded into workflows.

However, hallucinations are one of the biggest risks when working with LLMs.

Josh Reini, Developer Relations Engineer at #TruEra, discusses solving issues that cause hallucinations, why you should consider LLM-based evals when building your app, and more.

Key takeaways:

ğŸ’¥ Uncover common failure modes for LLM apps.
ğŸ’¥ Learn the different evaluations for reducing hallucination, improving retrieval quality, and more.
ğŸ’¥ Discover how to evaluate LLM apps with TruLens.

â° Tues Nov 28, ğŸ”— in bio to register.",[],[],[],[],0
65,"Nov 14, 2023","The data ecosystem is flooded with different tools; as data practitioners, it is almost impossible to keep up with every new tool or language.

Many focus on the fundamentalsâ€”SQL and Pythonâ€”which are foundational to most data roles. In this code-along, Vino Duraisamy, Developer Advocate at @Snowflake, explores how to use Snowpark Python and SQL to perform data analysis in the Snowflake Data Cloud.

Key takeaways:

ğŸ’¥ Connect to a Snowflake database from DataCamp Workspace
ğŸ’¥ Perform exploratory data analysis on Snowflake data using Python and SQL

â° Tues Nov 21, ğŸ”— in bio to register.",['ğŸ‘ğŸ‘ğŸ‘'],['8w'],['credslife_'],['0'],1
58,"Dec 14, 2023","Did you know you can use Workspace to take course notes? âœï¸

Retaining new concepts is essential for long-term learning, especially when progressively mastering a new skill or technology. Now, you can better retain what you learn in courses by writing notes you can easily refer to later.

Try it on Workspace for free ğŸ‘‰ ğŸ”— in bio.",[],[],[],[],0
40,"Dec 2, 2023","#CyberMonday Extension: Get 50% off DataCamp Premium.

Due to popular demand, we've extended our promo period to enable more learners to unlock unlimited data and AI learning throughout 2024.

ğŸ’¥ Master the world's most in-demand skills at your own pace
ğŸ’¥ Select from 20+ skill and career tracks
ğŸ’¥ Build your data CV with Forbes' #1 data certification program
ğŸ’¥ Start coding and using AI from day one with learning paths in #Python, #SQL, #R, #ChatGPT, #PowerBI, and more

Offer ends soon. Claim now ğŸ‘‰ğŸ”— in bio.",[],[],[],[],0
83,"Nov 30, 2023","Working in data is highly desirable: It's intellectually rewarding, well-paid, and you can do it anywhere. ğŸŒ ğŸ’°

But, it's competitive.

Lindsay Murphy, Head of Data @SecodaHQ, explains the skills you need to land your dream data role.

Key takeaways:

ğŸ’¥ The data and soft skills you need for that first data role.
ğŸ’¥ Understand the hiring process, from responding to the job advert to getting your offer letter.
ğŸ’¥ Creating a portfolio and other practices to show off your skillset.

â° Weds Dec 6, ğŸ”— in bio to register.",[],[],[],[],0
23,"Nov 20, 2023","How can good data access transform your organization?

Lilac Schoenbeck, VP of Strategic Initiatives at #RocketSoftware, unpacks data democratization and the importance of having widespread data capabilities across an organization, processes to encourage good data usage, and more.

Key takeaways:

ğŸ’¥ Democratize access to data: Improve access by providing the right tools and ensuring a shared understanding.

ğŸ’¥ Foster collaboration: Encourage collaboration between data scientists and business teams.

ğŸ’¥ Create a data topology map: Build a comprehensive view of how data flows through the organization to make informed decisions.

ğŸ§ Listen now, ğŸ”— in bio.",[],[],[],[],0
57,"Dec 15, 2023","How will Generative AI reshape our working worlds in 2024?

As we turn the page to 2024, we anticipate generative AI becoming even more pervasive, almost invisible, seamlessly integrating into our digital experiences at work and in life.

In many ways, 2024 will mark the ""end of the beginning"" of the AI paradigm shiftâ€”creating a defining moment for organizations and individuals as they navigate this new landscape.

Discover our data and AI predictions for 2024, which explore these topics and much more.

Download now for free ğŸ‘‰ğŸ”— in bio.",[],[],[],[],0
113,"Nov 25, 2023","Artificial intelligence is quickly becoming widely adopted across many applications. But how does it help out in data analytics?

Uncover five unique ways to use AI in data analytics. Each method involves different tools commonly used in the field, so you can apply them quickly and easily.

Including:

ğŸ’¥ What is AI in data analytics?
ğŸ’¥ The importance of AI in data analytics
ğŸ’¥ 5 unique ways to use AI in data analytics
ğŸ’¥ Future trends in AI and data analytics

Discover more ğŸ‘‰ğŸ”— in bio.",[],[],[],[],0
36,"Dec 3, 2023","Hong Qu, Adjunct Lecturer at @harvardkennedyschool, has used DataCamp Classrooms to teach Advanced Data and Information Visualization for the past three years. ğŸ‘‡

#DCClassroom's purpose is simple: to enable free access to DataCamp's entire learning library for teachers and students at any degree-giving institution.

Alongside driving independent learning with the world's most in-demand data and AI skills, it streamlines teaching through the group dashboard so you can seamlessly create assignments, track progress, and create tailored learning paths depending on individual student skill levels.

ğŸ‘‰ Swipe to see what teachers can unlock today. ğŸ‘‰

Enhance your data and AI teaching for free. Apply now: https://ow.ly/mN9f50PIsbz",[],[],[],[],0
22,"Dec 6, 2023","Although a 'must-have' technology of the year, Large Language Models (LLMs) like Llama 2 can only accurately answer questions about your business with specific domain knowledge.

The solution is to combine the LLM with a vector database like Chromaâ€”a technique known as retrieval augmented generation (RAG). Dan Becker, Chief Generative AI Architect at @straive__, explores getting started with Chroma, alongside performing Q&A on documents using Llama 2, the RAG technique, and LlamaIndex.

Key takeaways:

ğŸ’¥ How to store text in the Chroma vector database.
ğŸ’¥ Using retrieval augmented generation to combine LLama 2 and Chroma.
ğŸ’¥ How to develop AI applications using LlamaIndex

â° Tues, Dec 12, ğŸ”— in bio.",[],[],[],[],0
286,"Dec 14, 2023","ğŸ’¼ New Career Track: Step into the cutting-edge field of machine learning engineering with this comprehensive track designed for aspiring professionals.

Across interactive courses and real-world projects, master the fundamentals of MLOps, working hands-on with critical technologies like #Python, #Docker, and #MLflow. You will learn about concepts such as CI/CD, deployment strategies, and concept drift.

Upon completing this track, you'll emerge as a well-rounded machine learning engineer with all the skills required for a junior machine learning engineer role. ğŸš€

ğŸ‘‰ Swipe through for the track breakdown. ğŸ‘‰

Invest in yourself. Start today for free, ğŸ”— in bio.","['How much does this entire course cost?', 'Is it available for the existing users as well?']","['4w', '4w']","['datalytics.tech', 'shrey_wolfie94']","['0', '1 like']",2
93,"Dec 17, 2023","How Ihor Miroshnychenko, Associate Professor, Kyiv National Economics University and @iso_pd, prepares his students for a data-driven future with the help of DataCamp Classrooms. ğŸ‘‡

ğŸ“ #DCClassroom's singular purpose is to enable free access to in-demand data and AI skills for all teachers and students at any degree-giving institution.

Alongside 450+ interactive courses for all levels, Classrooms includes all Certifications, advanced reporting features, career tracks, and more to equip university students with skills to stand out in a competitive job market.

In 2024, evolving generative AI and data technologies will influence how we work more than ever. Take advantage of this opportunity to transform your classroom teaching experience with free access to Datacamp.

No credit card info is required. Apply now ğŸ‘‰ ğŸ”— in bio.",[],[],[],[],0
97,"Nov 15, 2023","Brand new #PowerBI course: Work with two datasets and master common techniques to analyze data over time. â³

Start by analyzing Superstore data for Point of Sale (PoS) across various locations and times, where you will learn to calculate changes using different kinds of window functions, period-to-date, and period-over-period functions.

Then dive into financial data from Microsoft (NASDAQ: MSFT) to demonstrate forecasting future data using built-in features and DAX algorithms. Upon completion, you'll have a comprehensive toolkit to tackle time series data and master the fourth dimension.

ğŸ‘‰ Swipe for the chapter breakdown. ğŸ‘‰

Start now, ğŸ”— in bio.

ğŸ’¸ Remember, our early #BlackFriday access is live. Activate to get 50% off an annual DataCamp Premium subscription and unlock all 450+ courses.

Save now ğŸ‘‰ https://ow.ly/zEbO50Q7Qu1","['Great new course, as usual! â¤ï¸â¤ï¸â¤ï¸']",['8w'],['credslife_'],['0'],1
36,"Nov 29, 2023","Test your skills for a cause that could help change the world: Develop an AI-driven chatbot for disaster assistance and emergency relief.

The need for innovative disaster response methods in the aftermath of earthquakes has never been more urgent. In partnership with @omdenaglobal we invite learners to apply for an 8-week challenge to develop AI for disaster assistance and emergency relief.

What's the goal?

The ultimate objective is to create an AI-powered chatbot that provides accurate, real-time information and guidance to individuals in disaster-affected areas.

Why should you participate?

ğŸ‘‰ Collaborate with a global team of 50 AI engineers.
ğŸ‘‰ Experience the entire data science project lifecycle.
ğŸ‘‰ Contribute to a cause that transcends technology, aiding real-world disaster relief.

â° Applications close Dec 13, 2023.

Bonus: Selected participants get a free one-year Premium DataCamp Scholarship through our #DCDonates partners at Omdena.

Discover more ğŸ‘‰ https://ow.ly/ea9G50QclGg",[],[],[],[],0
131,"Nov 22, 2023","Brand new Track: Unlock the financial power of one of the world's most popular Business Intelligence tools. ğŸ’° ğŸ“ˆ

Through expert-led courses, gain practical finance skills that you can apply in #PowerBI immediately. Explore basic financial terms and calculations, learn about dashboarding, and understand essential concepts like the time value of money and net present value.

Finally, enhance your understanding of financial statements by diving into cash flow and income statementsâ€”calculating key financial ratios to measure and evaluate performance.

ğŸ‘‰ Swipe through for individual courses. ğŸ‘‰

Not a Premium learner? Unlock this Track and 450+ other courses for half price this #BlackFriday. Master the skills to thrive in the age of data and AI ğŸ‘‰ ğŸ”— in bio.",[],[],[],[],0
88,"Dec 9, 2023","Brand new: Embark on a transformative journey into the cloud with our Intro to Azure course.

Crafted for IT enthusiasts, developers, and those eager to explore the potential of cloud computing, gain the skills needed to navigate Microsoft Azure's expansive landscape.

Upon completion, you'll have a solid foundation in Azure, equipped with the skills to unlock a world of possibilities in the cloud.

ğŸ‘‰ Swipe for the course breakdown. ğŸ‘‰

Start now for free ğŸ‘‰ ğŸ”— in bio.",[],[],[],[],0
182,"Nov 18, 2023","Preparing for a business analyst interview? We've got you covered. ğŸ‘Š

We've sourced and compiled some of the most common business analyst interview questions and answers for all experience levels. From basic concepts to more complex scenarios, uncover everything you need to know to impress your potential employers.

Including:

ğŸ’¥ The role of a business analyst
ğŸ’¥ General business analyst interview questions
ğŸ’¥ Business analyst interview questions by level
ğŸ’¥ Diving deep: technical and system-related questions
ğŸ’¥ Advanced topics: business intelligence analyst interview questions
ğŸ’¥ Scenario-based and behavioral questions
ğŸ’¥ Preparing for the interview: tips and resources

Enhance your preparation ğŸ‘‰ ğŸ”— in bio.",['Guys u shoul put together a course thatvteaches fundamentals of this subject!!'],['8w'],['mauro_bsn'],['0'],1
252,"Dec 20, 2023","DataCamp's top five courses to help you master Power BI. ğŸ‘‡

We learn best by doing. Advance your Power BI skills through bite-sized interactive courses, combining short videos with hands-on exercises to grasp key BI concepts designed to accelerate your career and fuel data-driven decision-making.

1ï¸âƒ£ Introduction to Power BI: Gain a 360Â° overview of using Power BI to build impactful reportsâ€”go from zero to hero as you discover how to leverage Power BI in common scenarios through hands-on exercises. ğŸ”— http://bitly.ws/HzGy

2ï¸âƒ£ Introduction to DAX in Power BI: Start your journey to becoming a DAX master by covering the fundamental concepts and best practices for implementing DAX in your reports. ğŸ”— http://bitly.ws/HzKK

3ï¸âƒ£ Data Visualization in Power BI: Discover how to create a plethora of visualizations, such as scatter plots, tornado charts, and gauges, without overwhelming your audience. ğŸ”— http://bitly.ws/HzLh

4ï¸âƒ£ Data Preparation in Power BI: Learn how to use Power Query Editor to transform and shape your data to be ready for analysis. ğŸ”— http://bitly.ws/HzMz

5ï¸âƒ£ Data Modelling in Power BI: Explore a toolbox of data cleaning, shaping, and loading techniques, which you can apply to real-world datasets issued by the United States Census Bureau. ğŸ”— http://bitly.ws/HzMY","['Dam guys I asked for them 9 months ago ğŸ˜‚ğŸ˜¢', 'Interested']","['3w', '3w']","['sitraka17', 'simran__arora_ray_']","['1 like', '2 likes']",2
71,"Nov 25, 2023","Brand new course: Unlock the power of AI strategy in the data-driven world. âš¡ï¸

Dive into the interconnectedness of business, data, and AI strategies, equipping you with the knowledge to create a strong strategic framework. Uncover key components of a successful AI strategy, the role of executive sponsors and champions in driving AI adoption, and much more.

ğŸ‘‰ Swipe for chapter breakdown. ğŸ‘‰

Start now, ğŸ”— in bio.

Not a Premium learner? #BlackFriday offer has been extended by 48 hours. Get all 450+ career-advancing courses, including our new AI curriculum, for half price. ğŸ’¸","['Nice post ğŸ˜, Consept explained Deeply ğŸ“ƒ', 'It seems great!']","['7w', '7w']","['dataandinsights', 'gui.bandeira']","['0', '0']",2
57,"Nov 18, 2023","Brand new course: In just one hour, dive into the AI ecosystem and discover how to leverage generative AI to enhance workflows. âš¡ï¸

Learn how to use generative AI through augmentation, co-creation, and replacement techniques. Finally, you'll uncover responsible AI and how to prepare and lead in a future with generative AI through strategic alignment, change management, and continuous improvement.

ğŸ‘‰ Swipe for the chapter breakdown. ğŸ‘‰

Start now for free: https://ow.ly/QQPk50Q8I2q

Fancy unlimited learning? Unlock all 450+ data and AI courses, learning paths, certifications, and more ğŸ¤¯ for 50% OFF with our #BlackFriday sale!

Limited time offer, claim now ğŸ”— in bio.",[],[],[],[],0
58,"Dec 2, 2023","Year In Data 2023 is Live! ğŸ“º All learners can now sign onto their DataCamp accounts and access their 2023 journey.

ğŸ’¡ Personalized insights: Immerse yourself in a visual representation of your data journey, from XP gained to which data domains you mastered.

ğŸ“Achievements and certifications: Discover the milestones of your learning journey, from your longest streak to the courses you conquered.

ğŸ¤ Workspace and community: Unpack the Workspaces you've built, the upvotes you have received, and the vibrant community you are a part of.

Complete with an easy-to-share feature, let your network know what you've achieved with the #MyYearInData23 hashtagâ€”and your plans for 2024. ğŸš€

Sign into www.datacamp.com and start exploring.",[],[],[],[],0
206,"Dec 18, 2023","The Business Intelligence Analyst operates at the helm of business analytics, transforming raw data into actionable insights. ğŸ“ˆ

But it's not just about charts or spreadsheetsâ€”it's about identifying trends, predicting outcomes, and facilitating data-driven decision-making. As more workforces look to gather insights from an expanding amount of data, the demand for BI Analysts will only increase.

Dive into a complete guide to becoming a Business Intelligence Analyst in 2024, including a breakdown of the role itself, resources to help you get started, and how to become one with five steps for success.

Discover more ğŸ‘‰ ğŸ”— in bio.",[],[],[],[],0
67,"Nov 23, 2023","Natural Language Processing (NLP) is a pivotal technology in Artificial Intelligence (AI), bridging the gap between human communication and computer understanding.

A multidisciplinary domain that empowers computers to interpret, analyze, and generate human language, NLP enables seamless interaction between humans and machines, signaling a new era of democratized AI.

Gain a comprehensive overview of NLP, including:

ğŸ’¥ What is Natural Language Processing?
ğŸ’¥ How does NLP work?
ğŸ’¥ What is NLP used for?
ğŸ’¥ Challenges and the future of NLP
ğŸ’¥ Getting started with NLP

Discover more ğŸ‘‰ğŸ”— in bio.",[],[],[],[],0
52,"Dec 13, 2023","Build vital generative AI skills in just 1-2 hours with our series of free code-alongs.

Today's focus ğŸ‘‰ #Pinecone. Across three sessions, combine the power of Pinecone vector databases and the #OpenAI API and build long-term memory.

1ï¸âƒ£ ğŸ” Vector databases enable semantic search to provide higher quality results than conventional keyword search. Learn how to use Pinecone to do thisâ€”starting by setting up a developer account and integrating it with Workspace.

Start now ğŸ‘‰ https://ow.ly/hBjG50Qi0MF

2ï¸âƒ£ ğŸ¿ Perform retrieval augmented generation in a case study on movie data. You'll process movie data for storage in the Pinecone vector database, then use it to inform answers to questions to GPT.

Start now ğŸ‘‰ https://ow.ly/vexM50Qi0MH

3ï¸âƒ£ ğŸ¤– Develop your skills with GPT, Pinecone, and LangChain to create a chatbot that answers questions about research papers. Use retrieval augmented generation, and learn how to combine this with conversational memory.

Start now ğŸ‘‰ https://ow.ly/vuU550Qi0MJ

Looking for something else? Get all sessions free for a limited time, covering the OpenAI API, #LangChain, @huggingface_ai, and #Pinecone.

All sessions ğŸ‘‰ ğŸ”— in bio.",[],[],[],[],0
51,"Nov 14, 2023","#OpenAI announces the Assistants APIâ€”extending the existing API to make it easier for software developers to build AI assistants, like chatbots.

The new features:

1ï¸âƒ£ Threads to help manage longer conversations
2ï¸âƒ£ Retrieval to help store text
3ï¸âƒ£ Built-in code interpretation
4ï¸âƒ£ Improvements to the function-calling capabilities

While the generative AI revolution in 2023 has been astounding, the Assistants API promises to reduce that barrier to entry, enabling more products to incorporate the technology faster... ğŸš€

Discover more ğŸ‘‰ğŸ”— in bio.",['Knowledge ğŸ‘ğŸ‘ğŸ‘'],['8w'],['credslife_'],['0'],1
35,"Dec 4, 2023","What are the best practices for transitioning into and managing your data in the cloud? â˜ï¸

Salim Syed, VP & Head of Engineering for @capitalone Slingshot product, explores cloud data management, the evolution of Slingshot into a major multi-tenant SaaS platform, the shift from on-premise to cloud-based data governance, and much more.

Key takeaways:

ğŸ’¥ In cloud data management, cost optimization is an ongoing process with constant vigilance to new users, usage patterns, and workloads.

ğŸ’¥ When starting a journey to the cloud, prioritize thinking about data governance and control.

ğŸ’¥ Effective cloud transformation and data management require strong leadership buy-in.

ğŸ§ Listen to (or watch) the full episode, ğŸ”— in bio.",[],[],[],[],0
144,"Dec 1, 2023","ğŸ’š Your favorite episode: #ChatGPT & How Generative AI is Augmenting Workflows
ğŸ“ˆ Top 25% of all charted podcasters on Spotify
ğŸŒ Streamed across 118 countries
ğŸ§ 26% increase in listeners on Spotify

Spotify wrapped for DataFramed 2023, our podcast exploring how technology and data are changing the world.

Hosted by Adel Nehme and Richard Cotton, we've been lucky to have some of the world's leading data and AI voices join us to unpack one of the most transformative years our industry has ever seen.

A massive thank you to all the new listeners who tuned in and all those who have stuck with us since day one.

In 2024, we plan to keep the data and AI conversations flowing with more world-class guests and topics on equipping everyoneâ€”from new learners to business leadersâ€”with the knowledge to thrive in a data-driven world.

You can playback all episodes for free, ğŸ”— in bio.

Thanks for listening, the DataCamp team. ğŸ’š

Let us know in the comments what are your favorite DataFramed episodes. ğŸ‘‡",[],[],[],[],0
70,"Dec 12, 2023","Exploratory data analysis is about getting to know a new datasetâ€”an essential skill for any data analyst or scientist.

In this code-along, George Cunningham, Business Development Representative at @DataCamp, explains the basics of exploring new datasets. Using data on UK Premiership soccer results, you will use #Python to calculate summary statistics and draw visualizations to generate insights.

Key takeaways:

ğŸ’¥ Learn to use the popular pandas package to explore a new dataset.
ğŸ’¥ Calculate averages and other common summary statistics using Python.
ğŸ’¥ Draw interactive stories using Plotly Express.

â° Tues Dec 19, ğŸ”— in bio to reigster.","['Iâ€™m not seeing the link in the bio link tree. Thanks.', ""Couldn't find the link""]","['4w', '4w']","['mackandrew_', 'mubipix']","['0', '0']",2
141,"Dec 25, 2023","ğŸ„Merry Christmas DataCampers! ğŸ„

Q: Why did the data scientist get kicked out of the Christmas party?
A: They kept asking for more ""samples""... ğŸ• ğŸ” ğŸ¥‚

We hope everyone is getting some well-earned rest (but not too muchâ€”those courses won't finish themselves... ğŸ‘€ ) before we kickstart 2024 with more learning, more technologies mastered, and more growth!

Until then, a very Happy Holidays.
The DataCamp Team ğŸ’š","['ğŸ¤', 'ğŸ¤ğŸ«¡ğŸ™Œ']","['2w', '2w']","['guilhermepinto.auditor', 'guilhermepinto.auditor']","['0', '0']",2
28,"Dec 11, 2023","What can we expect from AI in 2024? ğŸ‘‡

Craig S. Smith, AI-focused journalist, former executive of @nytimes, and host of the podcast Eye On A.I., explores the 2023 advancements in generative AI, the evolving roles of companies like anthropicai and @meta, the future of world models and AI agents, and much more.

Key takeaways:

ğŸ’¥ Understand the capabilities and risks of AI agents, from their ability to automate workflows to potentially spreading disinformation.

ğŸ’¥ Cultivate AI literacy and skills, not necessarily in coding or algorithm development, but in using AI tools and understanding their implications in your field.

ğŸ’¥ Get to know world models, an emerging AI technology that learns directly from real-world inputs, which offers a more accurate representation of reality.

ğŸ§ Listen to (or watch) the full episode, ğŸ”— in bio.",[],[],[],[],0
154,"Dec 1, 2023","Get the download on everything you need to get started with AIâ€”for free. ğŸ’¸

Our new AI Developer code-along series is in partnership with industry experts from @microsoft, #Pinecone, @fidelity, and moreâ€”giving learners the chance to develop and harness their AI skills heading into the new year.

Whether you're completely new to AI or are looking to add generative AI skills to your tool belt, we've designed these codealongs for coders by coders. Anyone with intermediate Python knowledge can jump in and start learning.

ğŸ‘‰ Swipe through for individual sessions across #OpenAI API, #HuggingFace, Pinecone, & #LangChain. ğŸ‘‰

Master in-demand skills. Start now, ğŸ”— in bio.","['Awesome work!! ğŸ‘ğŸ‘ğŸ‘ğŸ‘', 'Hey love your work I sent a dm BTW..']","['5w', '6w']","['credslife_', 'man.likenonso']","['0', '0']",2
157,"Nov 15, 2023","Data is essential to businesses and organizations, and the task of organizing all that data flow is where data pipelines shine.

Discover the basics of data pipelines for aspiring data professionals in this free tutorial, such as pipeline uses, common technology, and tips for pipeline building.

Including:

ğŸ’¥ What are data pipelines?
ğŸ’¥ Why use data pipelines?
ğŸ’¥ Data pipeline use cases and stakeholders
ğŸ’¥ Data storage: data lakes, data warehouses, and databases
ğŸ’¥ Pipeline schema (ETL vs ELT)
ğŸ’¥ Common data pipeline tools and technologies

And much more. ğŸ”— in bio.",['Data pipelines for the absolute win! â¤ï¸â¤ï¸'],['8w'],['credslife_'],['0'],1
81,"Nov 19, 2023","Continuous learning is a revolutionary machine learning approach that enables models to integrate new data without explicit retraining.

It builds upon traditional machine learning fundamentals in a way that addresses the dynamic essence of real-world data, creating adaptable models that can improve machine performance over time.

Explore key concepts and applications, including:

ğŸ’¥ What is continuous learning?
ğŸ’¥ The continuous learning process
ğŸ’¥ Advantages of continuous learning
ğŸ’¥ Limitations of continuous learning
ğŸ’¥ Applications of continuous learning
ğŸ’¥ The future of continuous learning

Discover more ğŸ‘‰ ğŸ”— in bio.",[],[],[],[],0
181,"Nov 29, 2023","ğŸ‰ Introducing: The AI Developer code-along series to help you break into AI in 2024.

Free for a limited time âš¡ï¸, master the world's in-demand AI packages, including 1ï¸âƒ£ #OpenAI API, 2ï¸âƒ£ #LangChain, 3ï¸âƒ£ #HuggingFace, and 4ï¸âƒ£ #Pinecone, through a series of 1-2 hour code-alongs.

Discover all the skills and tools necessary to start building AI systems today. From beginner sessions to advanced practitioners, learn directly from AI leaders, including:

ğŸ’¥ Olivier Mertens, AI Tech Lead, @Microsoft
ğŸ’¥ Korey Stegared-Pace, AI Cloud Advocate, Microsoft
ğŸ’¥ James Briggs, Founder of Aurelio AI & Staff Developer Advocate, Pinecone
ğŸ’¥ Alara Dirik, Former Machine Learning Engineer, Hugging Face & PhD Candidate in 3D Computer Vision at @imperialcollege
ğŸ’¥ Priyanka Asnani, Sr. Machine Learning Engineer, @fidelity
ğŸ’¥ Jacob Marquez, Sr. Data Scientist - Graph Engineer
ğŸ’¥ Vincent Vankrunkelsven, Staff Engineer, DataCamp
ğŸ’¥ Richard Cotton, Data Evangelist, DataCamp

A unique opportunity to head into 2024 with enhanced AI skills.

Start now ğŸ‘‰ ğŸ”— in bio.",[],[],[],[],0
257,"Nov 20, 2023","Explore the best AI frameworks and libraries for junior data practitioners starting their professional careers. ğŸ‘‡

Artificial Intelligence has become essential for software development in today's rapidly evolving tech landscape. It enables applications to perform tasks that were once exclusive to humans, such as understanding and generating human language, recognizing patterns in data, and making intelligent decisions.

Curated for up-and-coming practitioners with a solid technical foundation, uncover the essentials of AI frameworks.

Including:

ğŸ’¥ Why choose an AI framework?
ğŸ’¥ How to choose an AI framework that fits your business needs
ğŸ’¥ Open-source vs. commercial AI frameworks: benefits and drawbacks
ğŸ’¥ The best AI frameworks and libraries for streamlining business operations

Discover more ğŸ‘‰ğŸ”— in bio.","['Love! â¤ï¸â¤ï¸â¤ï¸â¤ï¸', 'Caret/Pycaret? Huggingface (although more a collection of models but great implementation potential)?', 'Great list !']","['7w', '7w', '7w']","['credslife_', 'dominicarruda', 'scd_company']","['0', '0', '0']",3
89,"Dec 9, 2023","How did @marksandspencer build a vibrant data culture and achieve an 800% growth in their data upskilling program in one year? ğŸ‘‡

To nurture internal talent and grow its workforce's data skills through the M&S BEAM Academy, the British retailer, present in 160 markets globally, partnered with DataCamp for businesses to launch five custom learning paths for their aspiring data practitioners.

Focusing on critical data science skills that would cement M&S as a digital-first market leader, the M&S BEAM Academy also collaborated with DataCamp's Customer Success team to launch internal competitions and organize events around data and AI.

Over 450 learners have already completed hands-on Python, SQL, Power BI, data literacy, Excel, and Spreadsheet training on DataCamp to drive business outcomes across 20+ teams at M&Sâ€”equalling a staggering 800% program growth in just one year.

A transformative partnership we couldn't be prouder of. ğŸ’š

Discover more ğŸ‘‰ğŸ”— in bio.",[],[],[],[],0
98,"Dec 15, 2023","ğŸš€ Free code-along session: Combine the power of text and audio AI models to build a bot that answers questions about YouTube videos.

Generative AI makes it easy to move beyond text, allowing for the analysis and generation of media like audio and images.

In this code-along, Korey Stegared-Pace, AI Cloud Advocate at @microsoft demonstrates how to transcribe YouTube video content using the Whisper speech-to-text AI, and then leverages GPT to ask questions about the content.

Gain essential AI skills in our 1-2 hour free code-along. Start now ğŸ‘‰ https://ow.ly/K7vv50Qjf7F

Not the right topic for you? Explore our free sessions on the #OpenAIAPI, @huggingface_ai, #Langchain, and #Pinecone in our AI Developer Seriesâ€”free for a limited time.

Dive in ğŸ‘‰ğŸ”— in bio.",[],[],[],[],0
136,"Dec 2, 2023","New track: Through six interactive courses and two projects, master the fundamentals of supervised machine learning and how to make predictions using labeled data.

If you're new to machine learning or want to specialize in supervised machine learning, this is the place to start. ğŸ‘Š

Led by an expert team, explore core supervised learning models and state-of-the-art algorithms like XGBoost. Culminate your learning journey by mastering ensemble techniques to tackle complex problems effectively.

Upon completion, you'll have mastered the essential supervised machine learning concepts and be able to apply them in Python.

Start now ğŸ”— https://ow.ly/Ah9n50QeGRW

âš¡ï¸ #CyberMonday is live; unlock this track and everything DataCamp offers for half price. Claim now ğŸ‘‰ ğŸ”— in bio.",['Six interactive courses for the win! Awesome job! @datacamp !! â¤ï¸'],['5w'],['credslife_'],['0'],1
33,"Dec 13, 2023","Good sales analytics capabilities can increase sales rep productivity and build a superior customer experience. ğŸ“ˆ

However, with so many use cases and diverse datasets, it's common to end up with data silos and suffer from poor data hygiene and a lack of automation.

@_snowflake_inc's David Gojo and CJ Liu explain how to improve customer dashboards, sales forecasting, and sales notification systemsâ€”alongside exploring how Snowflake can be used across sales analytics.

Key takeaways:

ğŸ’¥ Uncover common sales data issues and best practices to solve them.
ğŸ’¥ Learn about the architecture of a modern sales data stack.
ğŸ’¥ Tips and tricks to improve sales rep productivity through better analytics.

â° Weds Dec 20, ğŸ”— in bio to register.",[],[],[],[],0
47,"Dec 18, 2023","Why Causal AI is the next frontier in business decision-making.

Paul HÃ¼nermund, Assistant Professor of Strategy and Innovation @cbscph, explores Causal AI, its differences from other forms of AI, its use cases and adoption across industries, and much more.

Key takeaways:

ğŸ’¥ Causal AI offers a more comprehensive approach than traditional AIâ€”emphasizing causal reasoning over mere correlation.

ğŸ’¥ It is not limited to tech or data-centric fields; Causal AI has diverse applications across healthcare, marketing, human resources, and defense.

ğŸ’¥ Causal AI enables us to understand and predict the effects of different actions in various contexts, facilitating more strategic business and product development decision-making.

Listen to (or watch) the full episode here ğŸ‘‰ğŸ”— in bio.",[],[],[],[],0
75,"Dec 8, 2023","Master the world's most in-demand AI packages in 1â€“2 hour code-alongs. â³

With the DataCamp #AI Developer series, anyone can learn career-advancing AI packages for free. Across 12 hours of learning, you could come away with a brand new AI toolkit heading into 2024.

Including:

ğŸ‘‰ The OpenAI API
ğŸ‘‰ Hugging Face
ğŸ‘‰ #Langchain
ğŸ‘‰ Pinecone

The only thing you need to invest is time. Start now ğŸ‘‰ğŸ”— in bio.

#ArtificialIntelligence #ChatGPT #OpenAI",[],[],[],[],0
26,"Nov 29, 2023","From art to marketing, image generation AIs like Midjourney, Stable Diffusion, and DALL-E 3 are reshaping every visual industry. To create such transformative visuals, each one uses diffuser models.

Philip Bontrager, Machine Learning Engineer at @Meta, teaches us how to build your own diffuser model from scratch. You'll use Python and PyTorch to create a simple version of this cutting-edge technology.

Key takeaways:

ğŸ’¥ Understanding the mechanics of diffuser models.
ğŸ’¥ Practical implementation of diffuser models using PyTorch.
ğŸ’¥ Best practices for developing deep learning models for image generation.

â° Tues Dec 5, ğŸ”— in bio to register.",[],[],[],[],0
